<?xml version='1.0' encoding='UTF-8'?>
<image h="86" w="386"><stack><layer composite-op="svg:src-over" name="3 copy #18" opacity="1.0" src="data/000.png" visibility="visible" x="0" y="0" /><layer composite-op="svg:src-over" name="3 copy #17" opacity="1.0" src="data/001.png" visibility="visible" x="0" y="0" /><layer composite-op="svg:src-over" name="3 copy #16" opacity="1.0" src="data/002.png" visibility="visible" x="0" y="0" /><layer composite-op="svg:src-over" name="3 copy #15" opacity="1.0" src="data/003.png" visibility="visible" x="0" y="0" /><layer composite-op="svg:src-over" name="3 copy #14" opacity="1.0" src="data/004.png" visibility="visible" x="0" y="0" /><layer composite-op="svg:src-over" name="3 copy #13" opacity="1.0" src="data/005.png" visibility="visible" x="0" y="0" /><layer composite-op="svg:src-over" name="3 copy #12" opacity="1.0" src="data/006.png" visibility="visible" x="0" y="0" /><layer composite-op="svg:src-over" name="3 copy #11" opacity="1.0" src="data/007.png" visibility="visible" x="0" y="0" /><layer composite-op="svg:src-over" name="3 copy #10" opacity="1.0" src="data/008.png" visibility="visible" x="0" y="0" /><layer composite-op="svg:src-over" name="3 copy #9" opacity="1.0" src="data/009.png" visibility="visible" x="0" y="0" /><layer composite-op="svg:src-over" name="3 copy #8" opacity="1.0" src="data/010.png" visibility="visible" x="0" y="0" /><layer composite-op="svg:src-over" name="3 copy #7" opacity="1.0" src="data/011.png" visibility="visible" x="0" y="0" /><layer composite-op="svg:src-over" name="3 copy #6" opacity="1.0" src="data/012.png" visibility="visible" x="0" y="0" /><layer composite-op="svg:src-over" name="3 copy #5" opacity="1.0" src="data/013.png" visibility="visible" x="0" y="0" /><layer composite-op="svg:src-over" name="3 copy #4" opacity="1.0" src="data/014.png" visibility="visible" x="0" y="0" /><layer composite-op="svg:src-over" name="3 copy #3" opacity="1.0" src="data/015.png" visibility="visible" x="0" y="0" /><layer composite-op="svg:src-over" name="3 copy #2" opacity="1.0" src="data/016.png" visibility="visible" x="0" y="0" /><layer composite-op="svg:src-over" name="3 copy #1" opacity="1.0" src="data/017.png" visibility="visible" x="0" y="0" /><layer composite-op="svg:src-over" name="4" opacity="1.0" src="data/018.png" visibility="visible" x="0" y="0" /><layer composite-op="svg:src-over" name="3" opacity="1.0" src="data/019.png" visibility="visible" x="0" y="0" /><layer composite-op="svg:src-over" name="2" opacity="1.0" src="data/020.png" visibility="visible" x="0" y="0" /><layer composite-op="svg:src-over" name="1" opacity="1.0" src="data/021.png" visibility="visible" x="0" y="0" /><layer composite-op="svg:src-over" name="Backup #1" opacity="1.0" src="data/022.png" visibility="visible" x="0" y="0" /></stack></image>